団体コード,エリアレベル
-,level0
010006,level1
011002,level2
011011,level3
011029,level3
011037,level3
011045,level3
011053,level3
011061,level3
011070,level3
011088,level3
011096,level3
011100,level3
012025,level3
012033,level3
012041,level3
012050,level3
012068,level3
012076,level3
012084,level3
012092,level3
012106,level3
012114,level3
012122,level3
012131,level3
012149,level3
012157,level3
012165,level3
012173,level3
012181,level3
012190,level3
012203,level3
012211,level3
012220,level3
012238,level3
012246,level3
012254,level3
012262,level3
012271,level3
012289,level3
012297,level3
012301,level3
012319,level3
012335,level3
012343,level3
012351,level3
012360,level3
013030,level3
013048,level3
013315,level3
013323,level3
013331,level3
013340,level3
013374,level3
013439,level3
013455,level3
013463,level3
013471,level3
013617,level3
013625,level3
013633,level3
013641,level3
013676,level3
013706,level3
013714,level3
013919,level3
013927,level3
013935,level3
013943,level3
013951,level3
013960,level3
013978,level3
013986,level3
013994,level3
014001,level3
014010,level3
014028,level3
014036,level3
014044,level3
014052,level3
014061,level3
014079,level3
014087,level3
014095,level3
014231,level3
014249,level3
014257,level3
014273,level3
014281,level3
014290,level3
014303,level3
014311,level3
014320,level3
014338,level3
014346,level3
014362,level3
014371,level3
014389,level3
014524,level3
014532,level3
014541,level3
014559,level3
014567,level3
014575,level3
014583,level3
014591,level3
014605,level3
014613,level3
014621,level3
014630,level3
014648,level3
014656,level3
014681,level3
014699,level3
014702,level3
014711,level3
014729,level3
014818,level3
014826,level3
014834,level3
014842,level3
014851,level3
014869,level3
014877,level3
015113,level3
015121,level3
015130,level3
015148,level3
015164,level3
015172,level3
015181,level3
015199,level3
015202,level3
015431,level3
015440,level3
015458,level3
015466,level3
015474,level3
015491,level3
015504,level3
015521,level3
015555,level3
015598,level3
015601,level3
015610,level3
015628,level3
015636,level3
015644,level3
015717,level3
015750,level3
015784,level3
015814,level3
015849,level3
015857,level3
015865,level3
016012,level3
016021,level3
016047,level3
016071,level3
016080,level3
016098,level3
016101,level3
016314,level3
016322,level3
016331,level3
016349,level3
016357,level3
016365,level3
016373,level3
016381,level3
016390,level3
016411,level3
016420,level3
016438,level3
016446,level3
016454,level3
016462,level3
016471,level3
016489,level3
016497,level3
016616,level3
016624,level3
016632,level3
016641,level3
016659,level3
016675,level3
016683,level3
016918,level3
016926,level3
016934,level3
016942,level3
016951,level2
016969,level2
016977,level2
016985,level2
016993,level2
017001,level2
020001,level1
022012,level3
022021,level3
022039,level3
022047,level3
022055,level3
022063,level3
022071,level3
022080,level3
022098,level3
022101,level3
023001,level2
023019,level3
023035,level3
023043,level3
023078,level3
023205,level2
023213,level3
023230,level3
023400,level2
023434,level3
023604,level2
023612,level3
023621,level3
023671,level3
023809,level2
023817,level3
023841,level3
023876,level3
024007,level2
024015,level3
024023,level3
024058,level3
024066,level3
024082,level3
024112,level3
024121,level3
024201,level2
024236,level3
024244,level3
024252,level3
024261,level3
024406,level2
024414,level3
024422,level3
024431,level3
024457,level3
024465,level3
024503,level3
030007,level1
032018,level3
032026,level3
032034,level3
032051,level3
032069,level3
032077,level3
032085,level3
032093,level3
032107,level3
032115,level3
032131,level3
032140,level3
032158,level3
032166,level3
033006,level2
033014,level3
033022,level3
033031,level3
033201,level2
033219,level3
033227,level3
033600,level2
033669,level3
033804,level2
033812,level3
034002,level2
034029,level3
034401,level2
034410,level3
034606,level2
034614,level3
034801,level2
034827,level3
034835,level3
034843,level3
034851,level3
035009,level2
035017,level3
035033,level3
035068,level3
035076,level3
035203,level2
035246,level3
040002,level1
041009,level2
041017,level3
041025,level3
041033,level3
041041,level3
041050,level3
042021,level3
042030,level3
042056,level3
042064,level3
042072,level3
042081,level3
042099,level3
042111,level3
042129,level3
042137,level3
042145,level3
042153,level3
042161,level3
043001,level2
043010,level3
043028,level3
043206,level2
043214,level3
043222,level3
043231,level3
043249,level3
043401,level2
043419,level3
043605,level2
043613,level3
043621,level3
044008,level2
044016,level3
044041,level3
044067,level3
044202,level2
044211,level3
044229,level3
044245,level3
044407,level2
044440,level3
044458,level3
045004,level2
045012,level3
045055,level3
045802,level2
045811,level3
046001,level2
046060,level3
050008,level1
052019,level3
052027,level3
052035,level3
052043,level3
052060,level3
052078,level3
052094,level3
052108,level3
052116,level3
052124,level3
052132,level3
052141,level3
052159,level3
053007,level2
053031,level3
053201,level2
053279,level3
053406,level2
053465,level3
053481,level3
053490,level3
053601,level2
053619,level3
053635,level3
053660,level3
053686,level3
054208,level2
054348,level3
054607,level2
054631,level3
054640,level3
060003,level1
062014,level3
062022,level3
062031,level3
062049,level3
062057,level3
062065,level3
062073,level3
062081,level3
062090,level3
062103,level3
062111,level3
062120,level3
062138,level3
063002,level2
063011,level3
063029,level3
063207,level2
063215,level3
063223,level3
063231,level3
063240,level3
063401,level2
063410,level3
063606,level2
063614,level3
063622,level3
063631,level3
063649,level3
063657,level3
063665,level3
063673,level3
063801,level2
063819,level3
063827,level3
064009,level2
064017,level3
064025,level3
064033,level3
064203,level2
064262,level3
064289,level3
064602,level2
064611,level3
070009,level1
072010,level3
072028,level3
072036,level3
072044,level3
072052,level3
072079,level3
072087,level3
072095,level3
072109,level3
072117,level3
072125,level3
072133,level3
072141,level3
073008,level2
073016,level3
073032,level3
073083,level3
073202,level2
073229,level3
073407,level2
073423,level3
073440,level3
073601,level2
073628,level3
073644,level3
073679,level3
073687,level3
074004,level2
074021,level3
074055,level3
074071,level3
074080,level3
074209,level2
074217,level3
074225,level3
074233,level3
074403,level2
074446,level3
074454,level3
074462,level3
074471,level3
074608,level2
074616,level3
074641,level3
074659,level3
074667,level3
074802,level2
074811,level3
074829,level3
074837,level3
074845,level3
075001,level2
075019,level3
075027,level3
075035,level3
075043,level3
075051,level3
075205,level2
075213,level3
075221,level3
075400,level2
075418,level3
075426,level3
075434,level3
075442,level3
075451,level3
075469,level3
075477,level3
075485,level3
075604,level2
075612,level3
075647,level3
080004,level1
082015,level3
082023,level3
082031,level3
082040,level3
082058,level3
082074,level3
082082,level3
082104,level3
082112,level3
082121,level3
082147,level3
082155,level3
082163,level3
082171,level3
082198,level3
082201,level3
082210,level3
082228,level3
082236,level3
082244,level3
082252,level3
082261,level3
082279,level3
082287,level3
082295,level3
082309,level3
082317,level3
082325,level3
082333,level3
082341,level3
082350,level3
082368,level3
083003,level2
083020,level3
083097,level3
083101,level3
083402,level2
083411,level3
083607,level2
083640,level3
084409,level2
084425,level3
084433,level3
084476,level3
085201,level2
085219,level3
085405,level2
085421,level3
085464,level3
085600,level2
085642,level3
090000,level1
092011,level3
092029,level3
092037,level3
092045,level3
092053,level3
092061,level3
092088,level3
092096,level3
092100,level3
092118,level3
092134,level3
092142,level3
092151,level3
092169,level3
093009,level2
093017,level3
093408,level2
093424,level3
093432,level3
093441,level3
093459,level3
093602,level2
093611,level3
093645,level3
093807,level2
093840,level3
093866,level3
094005,level2
094072,level3
094111,level3
100005,level1
102016,level3
102024,level3
102032,level3
102041,level3
102059,level3
102067,level3
102075,level3
102083,level3
102091,level3
102105,level3
102113,level3
102121,level3
103403,level2
103446,level3
103454,level3
103608,level2
103667,level3
103675,level3
103802,level2
103829,level3
103837,level3
103845,level3
104205,level2
104213,level3
104248,level3
104256,level3
104264,level3
104281,level3
104299,level3
104400,level2
104434,level3
104442,level3
104485,level3
104493,level3
104604,level2
104647,level3
105201,level2
105210,level3
105228,level3
105236,level3
105244,level3
105252,level3
110001,level1
111007,level2
111015,level3
111023,level3
111031,level3
111040,level3
111058,level3
111066,level3
111074,level3
111082,level3
111091,level3
111104,level3
112011,level3
112020,level3
112038,level3
112062,level3
112071,level3
112089,level3
112097,level3
112101,level3
112119,level3
112127,level3
112143,level3
112151,level3
112160,level3
112178,level3
112186,level3
112194,level3
112216,level3
112224,level3
112232,level3
112241,level3
112259,level3
112275,level3
112283,level3
112291,level3
112305,level3
112313,level3
112321,level3
112330,level3
112348,level3
112356,level3
112372,level3
112381,level3
112399,level3
112402,level3
112411,level3
112429,level3
112437,level3
112453,level3
112461,level3
113000,level2
113018,level3
113204,level2
113247,level3
113263,level3
113271,level3
113409,level2
113417,level3
113425,level3
113433,level3
113468,level3
113476,level3
113484,level3
113492,level3
113603,level2
113611,level3
113620,level3
113638,level3
113654,level3
113697,level3
113808,level2
113816,level3
113832,level3
113859,level3
114006,level2
114081,level3
114405,level2
114421,level3
114600,level2
114642,level3
114651,level3
120006,level1
121002,level2
121011,level3
121029,level3
121037,level3
121045,level3
121053,level3
121061,level3
122025,level3
122033,level3
122041,level3
122050,level3
122068,level3
122076,level3
122084,level3
122106,level3
122114,level3
122122,level3
122131,level3
122157,level3
122165,level3
122173,level3
122181,level3
122190,level3
122203,level3
122211,level3
122220,level3
122238,level3
122246,level3
122254,level3
122262,level3
122271,level3
122289,level3
122297,level3
122301,level3
122319,level3
122327,level3
122335,level3
122343,level3
122351,level3
122360,level3
122378,level3
122386,level3
122394,level3
123200,level2
123226,level3
123293,level3
123404,level2
123421,level3
123471,level3
123498,level3
124001,level2
124036,level3
124095,level3
124109,level3
124206,level2
124214,level3
124222,level3
124231,level3
124249,level3
124265,level3
124273,level3
124401,level2
124419,level3
124435,level3
124605,level2
124630,level3
130001,level1
131016,level3
131024,level3
131032,level3
131041,level3
131059,level3
131067,level3
131075,level3
131083,level3
131091,level3
131105,level3
131113,level3
131121,level3
131130,level3
131148,level3
131156,level3
131164,level3
131172,level3
131181,level3
131199,level3
131202,level3
131211,level3
131229,level3
131237,level3
132012,level3
132021,level3
132039,level3
132047,level3
132055,level3
132063,level3
132071,level3
132080,level3
132098,level3
132101,level3
132110,level3
132128,level3
132136,level3
132144,level3
132152,level3
132187,level3
132195,level3
132209,level3
132217,level3
132225,level3
132233,level3
132241,level3
132250,level3
132276,level3
132284,level3
132292,level3
133001,level2
133035,level3
133051,level3
133078,level3
133086,level3
133604,level2
133612,level3
133621,level3
133639,level3
133647,level3
133817,level3
133825,level3
134015,level3
134023,level3
134210,level3
140007,level1
141003,level2
141011,level3
141020,level3
141038,level3
141046,level3
141054,level3
141062,level3
141071,level3
141089,level3
141097,level3
141101,level3
141119,level3
141127,level3
141135,level3
141143,level3
141151,level3
141160,level3
141178,level3
141186,level3
141305,level2
141313,level3
141321,level3
141330,level3
141348,level3
141356,level3
141364,level3
141372,level3
141500,level2
141518,level3
141526,level3
141534,level3
142018,level3
142034,level3
142042,level3
142051,level3
142069,level3
142077,level3
142085,level3
142107,level3
142115,level3
142123,level3
142131,level3
142140,level3
142158,level3
142166,level3
142174,level3
142182,level3
143006,level2
143014,level3
143201,level2
143219,level3
143405,level2
143413,level3
143421,level3
143600,level2
143618,level3
143626,level3
143634,level3
143642,level3
143669,level3
143804,level2
143821,level3
143839,level3
143847,level3
144002,level2
144011,level3
144029,level3
150002,level1
151009,level2
151017,level3
151025,level3
151033,level3
151041,level3
151050,level3
151068,level3
151076,level3
151084,level3
152021,level3
152048,level3
152056,level3
152064,level3
152081,level3
152099,level3
152102,level3
152111,level3
152129,level3
152137,level3
152161,level3
152170,level3
152188,level3
152226,level3
152234,level3
152242,level3
152251,level3
152269,level3
152277,level3
153001,level2
153079,level3
153401,level2
153427,level3
153605,level2
153613,level3
153800,level2
153851,level3
154008,level2
154059,level3
154601,level2
154610,level3
154806,level2
154822,level3
155004,level2
155047,level3
155802,level2
155811,level3
155861,level3
160008,level1
162019,level3
162027,level3
162043,level3
162051,level3
162060,level3
162078,level3
162086,level3
162094,level3
162108,level3
162116,level3
163201,level2
163210,level3
163228,level3
163236,level3
163406,level2
163422,level3
163431,level3
170003,level1
172014,level3
172022,level3
172031,level3
172049,level3
172057,level3
172065,level3
172073,level3
172090,level3
172103,level3
172111,level3
172120,level3
173207,level2
173240,level3
173606,level2
173614,level3
173657,level3
173801,level2
173843,level3
173860,level3
174009,level2
174076,level3
174602,level2
174611,level3
174637,level3
180009,level1
182010,level3
182028,level3
182044,level3
182052,level3
182061,level3
182079,level3
182087,level3
182095,level3
182109,level3
183202,level2
183229,level3
183806,level2
183822,level3
184004,level2
184047,level3
184209,level2
184233,level3
184403,level2
184420,level3
184802,level2
184811,level3
184837,level3
185001,level2
185019,level3
190004,level1
192015,level3
192023,level3
192040,level3
192058,level3
192066,level3
192074,level3
192082,level3
192091,level3
192104,level3
192112,level3
192121,level3
192139,level3
192147,level3
193402,level2
193461,level3
193607,level2
193640,level3
193658,level3
193666,level3
193682,level3
193801,level2
193844,level3
194204,level2
194221,level3
194239,level3
194247,level3
194255,level3
194298,level3
194301,level3
194409,level2
194425,level3
194433,level3
200000,level1
202011,level3
202029,level3
202037,level3
202045,level3
202053,level3
202061,level3
202070,level3
202088,level3
202096,level3
202100,level3
202118,level3
202126,level3
202134,level3
202142,level3
202151,level3
202177,level3
202185,level3
202193,level3
202207,level3
203009,level2
203033,level3
203041,level3
203050,level3
203068,level3
203076,level3
203092,level3
203203,level2
203211,level3
203238,level3
203246,level3
203408,level2
203491,level3
203505,level3
203602,level2
203611,level3
203629,level3
203637,level3
203807,level2
203823,level3
203831,level3
203840,level3
203858,level3
203866,level3
203882,level3
204005,level2
204021,level3
204030,level3
204048,level3
204072,level3
204099,level3
204102,level3
204111,level3
204129,level3
204137,level3
204145,level3
204153,level3
204161,level3
204170,level3
204200,level2
204226,level3
204234,level3
204251,level3
204293,level3
204307,level3
204323,level3
204404,level2
204463,level3
204480,level3
204501,level3
204510,level3
204528,level3
204803,level2
204811,level3
204820,level3
204854,level3
204862,level3
205206,level2
205214,level3
205401,level2
205419,level3
205435,level3
205605,level2
205613,level3
205621,level3
205630,level3
205800,level2
205834,level3
205885,level3
205907,level3
206008,level2
206024,level3
210005,level1
212016,level3
212024,level3
212032,level3
212041,level3
212059,level3
212067,level3
212075,level3
212083,level3
212091,level3
212105,level3
212113,level3
212121,level3
212130,level3
212148,level3
212156,level3
212164,level3
212172,level3
212181,level3
212199,level3
212202,level3
212211,level3
213004,level2
213021,level3
213039,level3
213403,level2
213411,level3
213608,level2
213616,level3
213624,level3
213802,level2
213811,level3
213829,level3
213837,level3
214001,level2
214019,level3
214035,level3
214043,level3
214205,level2
214213,level3
215007,level2
215015,level3
215023,level3
215031,level3
215040,level3
215058,level3
215066,level3
215074,level3
215201,level2
215210,level3
216003,level2
216046,level3
220001,level1
221007,level2
221015,level3
221023,level3
221031,level3
221309,level2
221384,level3
221392,level3
221406,level3
222038,level3
222054,level3
222062,level3
222071,level3
222089,level3
222097,level3
222101,level3
222119,level3
222127,level3
222135,level3
222143,level3
222151,level3
222160,level3
222194,level3
222208,level3
222216,level3
222224,level3
222232,level3
222241,level3
222259,level3
222267,level3
223000,level2
223018,level3
223026,level3
223042,level3
223051,level3
223069,level3
223204,level2
223255,level3
223409,level2
223417,level3
223425,level3
223441,level3
224201,level2
224243,level3
224294,level3
224600,level2
224618,level3
230006,level1
231002,level2
231011,level3
231029,level3
231037,level3
231045,level3
231053,level3
231061,level3
231070,level3
231088,level3
231096,level3
231100,level3
231118,level3
231126,level3
231134,level3
231142,level3
231151,level3
231169,level3
232017,level3
232025,level3
232033,level3
232041,level3
232050,level3
232068,level3
232076,level3
232084,level3
232092,level3
232106,level3
232114,level3
232122,level3
232131,level3
232149,level3
232157,level3
232165,level3
232173,level3
232190,level3
232203,level3
232211,level3
232220,level3
232238,level3
232246,level3
232254,level3
232262,level3
232271,level3
232289,level3
232297,level3
232301,level3
232319,level3
232327,level3
232335,level3
232343,level3
232351,level3
232360,level3
232378,level3
232386,level3
233005,level2
233021,level3
233404,level2
233421,level3
233609,level2
233617,level3
233625,level3
234206,level2
234249,level3
234257,level3
234273,level3
234401,level2
234419,level3
234427,level3
234451,level3
234460,level3
234478,level3
235008,level2
235016,level3
235601,level2
235610,level3
235628,level3
235636,level3
240001,level1
242012,level3
242021,level3
242039,level3
242047,level3
242055,level3
242071,level3
242080,level3
242098,level3
242101,level3
242110,level3
242128,level3
242144,level3
242152,level3
242161,level3
243001,level2
243035,level3
243205,level2
243248,level3
243400,level2
243418,level3
243434,level3
243442,level3
244406,level2
244414,level3
244422,level3
244431,level3
244601,level2
244619,level3
244708,level3
244716,level3
244724,level3
245402,level2
245437,level3
245607,level2
245615,level3
245623,level3
250007,level1
252018,level3
252026,level3
252034,level3
252042,level3
252069,level3
252077,level3
252085,level3
252093,level3
252107,level3
252115,level3
252123,level3
252131,level3
252140,level3
253804,level2
253839,level3
253847,level3
254207,level2
254258,level3
254401,level2
254410,level3
254428,level3
254436,level3
260002,level1
261009,level2
261017,level3
261025,level3
261033,level3
261041,level3
261050,level3
261068,level3
261076,level3
261084,level3
261092,level3
261106,level3
261114,level3
262013,level3
262021,level3
262030,level3
262048,level3
262056,level3
262064,level3
262072,level3
262081,level3
262099,level3
262102,level3
262111,level3
262129,level3
262137,level3
262145,level3
263001,level2
263036,level3
263206,level2
263222,level3
263401,level2
263435,level3
263443,level3
263605,level2
263648,level3
263656,level3
263664,level3
263672,level3
264008,level2
264075,level3
264601,level2
264636,level3
264652,level3
270008,level1
271004,level2
271021,level3
271039,level3
271047,level3
271063,level3
271071,level3
271080,level3
271098,level3
271110,level3
271136,level3
271144,level3
271152,level3
271161,level3
271179,level3
271187,level3
271195,level3
271209,level3
271217,level3
271225,level3
271233,level3
271241,level3
271250,level3
271268,level3
271276,level3
271284,level3
271403,level2
271411,level3
271420,level3
271438,level3
271446,level3
271454,level3
271462,level3
271471,level3
272027,level3
272035,level3
272043,level3
272051,level3
272060,level3
272078,level3
272086,level3
272094,level3
272108,level3
272116,level3
272124,level3
272132,level3
272141,level3
272159,level3
272167,level3
272175,level3
272183,level3
272191,level3
272205,level3
272213,level3
272221,level3
272230,level3
272248,level3
272256,level3
272264,level3
272272,level3
272281,level3
272299,level3
272302,level3
272311,level3
272329,level3
273007,level2
273015,level3
273201,level2
273210,level3
273228,level3
273406,level2
273414,level3
273601,level2
273619,level3
273627,level3
273660,level3
273805,level2
273813,level3
273821,level3
273830,level3
280003,level1
281000,level2
281018,level3
281026,level3
281051,level3
281069,level3
281077,level3
281085,level3
281093,level3
281107,level3
281115,level3
282014,level3
282022,level3
282031,level3
282049,level3
282057,level3
282065,level3
282073,level3
282081,level3
282090,level3
282103,level3
282120,level3
282138,level3
282146,level3
282154,level3
282162,level3
282171,level3
282189,level3
282197,level3
282201,level3
282219,level3
282227,level3
282235,level3
282243,level3
282251,level3
282260,level3
282278,level3
282286,level3
282294,level3
283002,level2
283011,level3
283606,level2
283657,level3
283801,level2
283819,level3
283827,level3
284408,level2
284424,level3
284432,level3
284467,level3
284602,level2
284645,level3
284807,level2
284815,level3
285005,level2
285013,level3
285803,level2
285854,level3
285862,level3
290009,level1
292010,level3
292028,level3
292036,level3
292044,level3
292052,level3
292061,level3
292079,level3
292087,level3
292095,level3
292109,level3
292117,level3
292125,level3
293202,level2
293229,level3
293407,level2
293423,level3
293431,level3
293440,level3
293458,level3
293601,level2
293610,level3
293628,level3
293636,level3
293806,level2
293857,level3
293865,level3
294004,level2
294012,level3
294021,level3
294209,level2
294241,level3
294250,level3
294268,level3
294276,level3
294403,level2
294411,level3
294420,level3
294438,level3
294446,level3
294462,level3
294471,level3
294497,level3
294501,level3
294519,level3
294527,level3
294535,level3
300004,level1
302015,level3
302023,level3
302031,level3
302040,level3
302058,level3
302066,level3
302074,level3
302082,level3
302091,level3
303003,level2
303046,level3
303402,level2
303411,level3
303437,level3
303445,level3
303607,level2
303615,level3
303623,level3
303666,level3
303801,level2
303810,level3
303828,level3
303836,level3
303909,level3
303917,level3
303925,level3
304000,level2
304018,level3
304042,level3
304069,level3
304204,level2
304212,level3
304221,level3
304247,level3
304271,level3
304280,level3
310000,level1
312011,level3
312029,level3
312037,level3
312045,level3
313009,level2
313025,level3
313203,level2
313254,level3
313289,level3
313297,level3
313602,level2
313645,level3
313700,level3
313718,level3
313726,level3
313807,level2
313840,level3
313866,level3
313891,level3
313904,level3
314005,level2
314013,level3
314021,level3
314030,level3
320005,level1
322016,level3
322024,level3
322032,level3
322041,level3
322059,level3
322067,level3
322075,level3
322091,level3
323403,level2
323438,level3
323802,level2
323861,level3
324400,level2
324418,level3
324485,level3
324493,level3
325007,level2
325015,level3
325058,level3
325201,level2
325252,level3
325261,level3
325279,level3
325287,level3
330001,level1
331007,level2
331015,level3
331023,level3
331031,level3
331040,level3
332020,level3
332038,level3
332046,level3
332054,level3
332071,level3
332089,level3
332097,level3
332101,level3
332119,level3
332127,level3
332135,level3
332143,level3
332151,level3
332160,level3
333409,level2
333468,level3
334201,level2
334235,level3
334405,level2
334456,level3
334600,level2
334618,level3
335801,level2
335860,level3
336009,level2
336068,level3
336203,level2
336220,level3
336238,level3
336408,level2
336432,level3
336602,level2
336637,level3
336661,level3
336807,level2
336815,level3
340006,level1
341002,level2
341011,level3
341029,level3
341037,level3
341045,level3
341053,level3
341061,level3
341070,level3
341088,level3
342025,level3
342033,level3
342041,level3
342050,level3
342076,level3
342084,level3
342092,level3
342106,level3
342114,level3
342122,level3
342131,level3
342149,level3
342157,level3
343005,level2
343021,level3
343048,level3
343072,level3
343099,level3
343609,level2
343684,level3
343692,level3
344206,level2
344311,level3
344605,level2
344621,level3
345407,level2
345458,level3
350001,level1
352012,level3
352021,level3
352039,level3
352047,level3
352063,level3
352071,level3
352080,level3
352101,level3
352110,level3
352128,level3
352136,level3
352152,level3
352161,level3
353001,level2
353051,level3
353205,level2
353213,level3
353400,level2
353418,level3
353434,level3
353442,level3
355003,level2
355020,level3
360007,level1
362018,level3
362026,level3
362034,level3
362042,level3
362051,level3
362069,level3
362077,level3
362085,level3
363006,level2
363014,level3
363022,level3
363201,level2
363219,level3
363405,level2
363413,level3
363421,level3
363600,level2
363685,level3
363804,level2
363839,level3
363871,level3
363880,level3
364002,level2
364011,level3
364029,level3
364037,level3
364045,level3
364053,level3
364606,level2
364681,level3
364801,level2
364894,level3
370002,level1
372013,level3
372021,level3
372030,level3
372048,level3
372056,level3
372064,level3
372072,level3
372081,level3
373206,level2
373222,level3
373249,level3
373401,level2
373419,level3
373605,level2
373648,level3
373800,level2
373869,level3
373877,level3
374008,level2
374032,level3
374041,level3
374067,level3
380008,level1
382019,level3
382027,level3
382035,level3
382043,level3
382051,level3
382060,level3
382078,level3
382108,level3
382132,level3
382141,level3
382159,level3
383406,level2
383562,level3
383805,level2
383864,level3
384003,level2
384011,level3
384020,level3
384208,level2
384224,level3
384402,level2
384429,level3
384801,level2
384844,level3
384887,level3
385000,level2
385069,level3
390003,level1
392014,level3
392022,level3
392031,level3
392049,level3
392057,level3
392065,level3
392081,level3
392090,level3
392103,level3
392111,level3
392120,level3
393002,level2
393011,level3
393029,level3
393037,level3
393045,level3
393053,level3
393061,level3
393070,level3
393401,level2
393410,level3
393444,level3
393606,level2
393631,level3
393649,level3
393801,level2
393860,level3
393878,level3
394009,level2
394017,level3
394025,level3
394033,level3
394050,level3
394106,level3
394114,level3
394122,level3
394203,level2
394246,level3
394271,level3
394289,level3
400009,level1
401005,level2
401013,level3
401030,level3
401056,level3
401064,level3
401072,level3
401081,level3
401099,level3
401307,level2
401315,level3
401323,level3
401331,level3
401340,level3
401358,level3
401366,level3
401374,level3
402028,level3
402036,level3
402044,level3
402052,level3
402061,level3
402079,level3
402109,level3
402117,level3
402125,level3
402133,level3
402141,level3
402150,level3
402168,level3
402176,level3
402184,level3
402192,level3
402206,level3
402214,level3
402231,level3
402249,level3
402257,level3
402265,level3
402273,level3
402281,level3
402290,level3
402303,level3
402311,level3
403407,level2
403415,level3
403423,level3
403431,level3
403440,level3
403458,level3
403482,level3
403491,level3
403806,level2
403814,level3
403822,level3
403831,level3
403849,level3
404004,level2
404012,level3
404021,level3
404209,level2
404217,level3
404403,level2
404471,level3
404489,level3
405001,level2
405035,level3
405205,level2
405221,level3
405400,level2
405442,level3
406007,level2
406015,level3
406023,level3
406040,level3
406058,level3
406082,level3
406091,level3
406104,level3
406201,level2
406210,level3
406252,level3
406406,level2
406422,level3
406465,level3
406473,level3
410004,level1
412015,level3
412023,level3
412031,level3
412040,level3
412058,level3
412066,level3
412074,level3
412082,level3
412091,level3
412104,level3
413208,level2
413275,level3
413402,level2
413411,level3
413453,level3
413461,level3
413801,level2
413879,level3
414000,level2
414018,level3
414204,level2
414239,level3
414247,level3
414255,level3
414409,level2
414417,level3
420000,level1
422011,level3
422029,level3
422037,level3
422045,level3
422053,level3
422070,level3
422088,level3
422096,level3
422100,level3
422118,level3
422126,level3
422134,level3
422142,level3
423009,level2
423076,level3
423084,level3
423203,level2
423211,level3
423220,level3
423238,level3
423807,level2
423831,level3
423912,level3
424005,level2
424111,level3
430005,level1
431001,level2
431010,level3
431028,level3
431036,level3
431044,level3
431052,level3
432024,level3
432032,level3
432041,level3
432059,level3
432067,level3
432083,level3
432105,level3
432113,level3
432121,level3
432130,level3
432148,level3
432156,level3
432164,level3
433403,level2
433489,level3
433608,level2
433641,level3
433675,level3
433683,level3
433691,level3
434001,level2
434035,level3
434043,level3
434205,level2
434230,level3
434248,level3
434256,level3
434281,level3
434329,level3
434337,level3
434400,level2
434418,level3
434426,level3
434434,level3
434442,level3
434477,level3
434604,level2
434680,level3
434809,level2
434825,level3
434841,level3
435007,level2
435015,level3
435058,level3
435066,level3
435074,level3
435104,level3
435112,level3
435121,level3
435139,level3
435147,level3
435201,level2
435317,level3
440001,level1
442011,level3
442020,level3
442038,level3
442046,level3
442054,level3
442062,level3
442071,level3
442089,level3
442097,level3
442101,level3
442119,level3
442127,level3
442135,level3
442143,level3
443204,level2
443221,level3
443409,level2
443417,level3
444600,level2
444618,level3
444626,level3
450006,level1
452017,level3
452025,level3
452033,level3
452041,level3
452050,level3
452068,level3
452076,level3
452084,level3
452092,level3
453404,level2
453412,level3
453609,level2
453617,level3
453803,level2
453820,level3
453838,level3
454001,level2
454010,level3
454028,level3
454036,level3
454044,level3
454052,level3
454061,level3
454206,level2
454214,level3
454290,level3
454303,level3
454311,level3
454401,level2
454419,level3
454427,level3
454435,level3
460001,level1
462012,level3
462039,level3
462047,level3
462063,level3
462080,level3
462101,level3
462136,level3
462144,level3
462152,level3
462161,level3
462179,level3
462187,level3
462195,level3
462209,level3
462217,level3
462225,level3
462233,level3
462241,level3
462250,level3
463001,level2
463035,level3
463043,level3
463809,level2
463922,level3
464007,level2
464040,level3
464406,level2
464520,level3
464601,level2
464686,level3
464805,level2
464821,level3
464902,level3
464911,level3
464929,level3
465003,level2
465011,level3
465020,level3
465054,level3
465208,level2
465232,level3
465241,level3
465259,level3
465275,level3
465291,level3
465305,level3
465313,level3
465321,level3
465330,level3
465348,level3
465356,level3
470007,level1
472018,level3
472051,level3
472077,level3
472085,level3
472093,level3
472107,level3
472115,level3
472123,level3
472131,level3
472140,level3
472158,level3
473006,level2
473014,level3
473022,level3
473031,level3
473065,level3
473081,level3
473111,level3
473138,level3
473146,level3
473154,level3
473201,level2
473243,level3
473251,level3
473260,level3
473278,level3
473286,level3
473294,level3
473405,level2
473481,level3
473502,level3
473537,level3
473545,level3
473553,level3
473561,level3
473570,level3
473588,level3
473596,level3
473600,level3
473618,level3
473626,level3
473707,level2
473758,level3
473804,level2
473812,level3
473821,level3
